участок,ebyte,ld58,канал,назначение,режим,объект,примечание,комментарий
Углич 1,37,140,1,Дом,Постоянный,"Спасская, 25",,
Углич 1,37,140,2,Дом,Постоянный,дом дворян Тугариновых,,
Углич 1,37,140,3,Дом,Постоянный,доп/строение,деревенский дом,
Углич 1,37,140,4,Дом,Постоянный,д/с,деревенский дом,
Углич 1,37,140,5,Дом,Постоянный,д/с,деревенский дом,
Углич 1,37,140,6,Дом,Постоянный,д/с,кпп ГЭС Углич,
Углич 1,37,140,7,Фонарь,ШИМ,,кпп ГЭС Углич,
Углич 1,37,140,8,---,Постоянный,,,
Углич 1,37,141,1,Светофор,Постоянный,жд пути станции Углич,зелёный 1,
Углич 1,37,141,2,Светофор,Постоянный,жд пути станции Углич,красный 1,
Углич 1,37,141,3,Светофор,Постоянный,жд пути станции Углич,белый 2,
Углич 1,37,141,4,Светофор,Постоянный,жд пути станции Углич,синий 2,
Углич 1,37,141,5,Светофор,Постоянный,жд пути станции Углич,белый 3,
Углич 1,37,141,6,Светофор,Постоянный,жд пути станции Углич,синий 3,
Углич 1,37,141,7,Светофор,Постоянный,жд пути станции Углич,белый 4,
Углич 1,37,141,8,Светофор,Постоянный,жд пути станции Углич,синий 4,
Углич 1,37,142,1,Дом,Постоянный,постоялый двор Погудаловых,,
Углич 1,37,142,2,Дом,Постоянный,д/с,деревенский дом,
Углич 1,37,142,3,Машинка,Постоянный,,,
Углич 1,37,142,4,Дом,Постоянный,ж/д вокзал Углич,,
Углич 1,37,142,5,---,Постоянный,,,
Углич 1,37,142,6,---,Постоянный,,,
Углич 1,37,142,7,Фонарь,ШИМ,,жд вокзал,
Углич 1,37,142,8,---,Постоянный,,,
Углич 1,37,143,1,Дом,Постоянный,д/с,5кж 1группа,
Углич 1,37,143,2,Дом,Постоянный,д/с,5кж 2группа,
Углич 1,37,143,3,Фонарь,Постоянный,,гараж,
Углич 1,37,143,4,Дом,Постоянный,дом Потехиных,,
Углич 1,37,143,5,Дом,Постоянный,д/с,городской особняк,
Углич 1,37,143,6,Дом,Постоянный,дом Истоминых,,
Углич 1,37,143,7,Дом,ШИМ,д/с,5 кж подъезд,
Углич 1,37,143,8,---,Постоянный,,,
Углич 1,37,144,1,Дом,Постоянный,д/с,деревенский дом,
Углич 1,37,144,2,Дом,Постоянный,дом Русиновых,,
Углич 1,37,144,3,Дом,Постоянный,дом купца Тропина,,
Углич 1,37,144,4,Дом,Постоянный,д/с,деревенский дом,
Углич 1,37,144,5,Дом,Постоянный,Смоленская церковь Богоявленского монастыря,,
Углич 1,37,144,6,Плеер,Постоянный,,колокольня Богоявленского монастыря,
Углич 1,37,144,7,Дом,ШИМ,Храм иконы БМ Федоровская Богоявленского мон.,уменьшить яркость?,
Углич 1,37,144,8,Фонарь,ШИМ,,городские,
Углич 1,37,145,1,Дом,Постоянный,Торговые ряды,,
Углич 1,37,145,2,Дом,Постоянный,дом Калашниковых,,
Углич 1,37,145,3,Дом,Постоянный,дом Евреиновых (Администрация),,
Углич 1,37,145,4,Дом,Постоянный,д/с,деревенский дом,
Углич 1,37,145,5,Дом,Постоянный,дом Винградовых,,
Углич 1,37,145,6,Дом,Постоянный,Собор Богоявления Господня (Богоявленского мон.),,
Углич 1,37,145,7,Фонарь,ШИМ,,городские,
Углич 1,37,145,8,Фонарь,ШИМ,,монастырь,
Углич 2,19,146,1,---,Постоянный,,,
Углич 2,19,146,2,Дом,Постоянный,Церковь Казанской Божьей Матери,,
Углич 2,19,146,3,Машинка,Постоянный,,"сигнальные огни, полиция",
Углич 2,19,146,4,Дом,Постоянный,галерея православного искусства,,
Углич 2,19,146,5,Дом,Постоянный,музей Городского Быта,,
Углич 2,19,146,6,Плеер,Постоянный,,сцена велофестиваля Угличская верста,
Углич 2,19,146,7,Фонарь,ШИМ,,вокруг часовни,
Углич 2,19,146,8,Фонарь,ШИМ,,площадь,
Углич 2,19,147,1,Плеер,Постоянный,,территория Воскресенского монастыря,
Углич 2,19,147,2,---,Постоянный,,,
Углич 2,19,147,3,Дом,Постоянный,постоялый двор Погудаловых,,
Углич 2,19,147,4,Дом,Постоянный,дом купца Постнова,,
Углич 2,19,147,5,Дом,Постоянный,Воскресенский монастырь,,
Углич 2,19,147,6,Дом,Постоянный,Воскресенский монастырь,,
Углич 2,19,147,7,Фонарь,ШИМ,,городские,
Углич 2,19,147,8,Фонарь,ШИМ,,городские,
Углич 2,19,148,1,Дом,Постоянный,Волжская Ривьера отель,,
Углич 2,19,148,2,Машинка,Постоянный,,,
Углич 2,19,148,3,Дом,Постоянный,Музей гидроэнергетики,,
Углич 2,19,148,4,Фонарь,Постоянный,,перед зданием ГЭС,
Углич 2,19,148,5,Фонарь,Постоянный,,мост на клапане берега,
Углич 2,19,148,6,Дом,Постоянный,здание ГЭС Углич,,
Углич 2,19,148,7,Фонарь,ШИМ,,вокруг отеля,
Углич 2,19,148,8,Фонарь,ШИМ,,вокруг музея,
Углич 2,19,149,1,Дом,Постоянный,колокольня Угличского кремля,,
Углич 2,19,149,2,Дом,Постоянный,бывшее здание Городской Думы,,
Углич 2,19,149,3,Дом,Постоянный,палаты угличских князей,,
Углич 2,19,149,4,Дом,Постоянный,церковь Царевича Димитрия на крови,,
Углич 2,19,149,5,Дом,Постоянный,храм Преображения Господня и Похвалы Пресвятой Богородицы,,
Углич 2,19,149,6,Плеер,Постоянный,,колокольня Угличского кремля,
Углич 2,19,149,7,Фонарь,ШИМ,,кремль,
Углич 2,19,149,8,Фонарь,ШИМ,,мост,
Углич 3,18,150,1,---,Постоянный,,,
Углич 3,18,150,2,Плеер,Постоянный,,территория Алексеевского женского монастыря,
Углич 3,18,150,3,Дом,Постоянный,"Храм Алексия, митрополита Московского",,
Углич 3,18,150,4,Дом,Постоянный,Церковь Усекновения Главы Иоанна Предтечи,,
Углич 3,18,150,5,Дом,Постоянный,Храм Успения Пресвятой Богородицы,,
Углич 3,18,150,6,Фонарь,Постоянный,,территория Алексеевского женского монастыря,
Углич 3,18,150,7,Фонарь,ШИМ,,городские,
Углич 3,18,150,8,Фонарь,ШИМ,,городские,
Углич 3,18,151,1,Машинка,Постоянный,,сигнальные огни скорой помощи,
Углич 3,18,151,2,Дом,Постоянный,Пожарная каланча,,
Углич 3,18,151,3,Дом,Постоянный,д/с,4кж подъезд,
Углич 3,18,151,4,Дом,Постоянный,д/с,4кж 1группа,
Углич 3,18,151,5,Дом,Постоянный,д/с,4кж 2группа,
Углич 3,18,151,6,Дом,Постоянный,дом Серебряковых,,
Углич 3,18,151,7,---,Постоянный,,,
Углич 3,18,151,8,---,Постоянный,,,
Углич 3,18,152,1,Машинка,Постоянный,,,
Углич 3,18,152,2,Дом,Постоянный,Дом Переславцевых,,
Углич 3,18,152,3,Дом,Постоянный,частный музеи Углич,,
Углич 3,18,152,4,Фонарь,Постоянный,,вечный огонь,
Углич 3,18,152,5,---,Постоянный,,,
Углич 3,18,152,6,---,Постоянный,,,
Углич 3,18,152,7,Фонарь,ШИМ,,парк,
Углич 3,18,152,8,Фонарь,ШИМ,,городские,
Углич 3,18,153,1,Дом,Постоянный,Дом Буториных,,
Углич 3,18,153,2,Дом,Постоянный,дом Евреиновых,,
Углич 3,18,153,3,Дом,Постоянный,частный музеи Углич,,
Углич 3,18,153,4,Дом,Постоянный,д/с,деревенский дом,
Углич 3,18,153,5,Дом,Постоянный,д/с,деревенский дом,
Углич 3,18,153,6,Дом,Постоянный,Церковь святых мучеников Флора и Лавра,,
Углич 3,18,153,7,Фонарь,ШИМ,,спуск к воде,
Углич 3,18,153,8,Дом,ШИМ,Храм Корсунской иконы Божией Матери,уменьшить яркость?,
Углич 3,18,154,1,Плеер,Постоянный,,у причала,
Углич 3,18,154,2,Дом,Постоянный,AZIMUT Отель Углич,,
Углич 3,18,154,3,Дом,Постоянный,д/с,деревенский дом,
Углич 3,18,154,4,---,Постоянный,,,
Углич 3,18,154,5,Дом,Постоянный,д/с,деревенский дом,
Углич 3,18,154,6,---,Постоянный,,,
Углич 3,18,154,7,Фонарь,ШИМ,,набережная,
Углич 3,18,154,8,Фонарь,ШИМ,,территория AZIMUT Отеля,
Углич 4,17,155,1,Дом,Постоянный,д/с,5кж 1группа,
Углич 4,17,155,2,Дом,Постоянный,д/с,5кж 2группа,
Углич 4,17,155,3,Дом,Постоянный,ДК часового завода,,
Углич 4,17,155,4,Дом,Постоянный,д/с,5кж подъезды,
Углич 4,17,155,5,Дом,Постоянный,дом Выжиловых,,
Углич 4,17,155,6,Дом,Постоянный,д/с,деревенский дом,
Углич 4,17,155,7,---,Постоянный,,,
Углич 4,17,155,8,---,Постоянный,,,
Углич 4,17,156,1,Дом,Постоянный,Институт маслоделия и сыроделия,,
Углич 4,17,156,2,Дом,Постоянный,завод Чайка,,
Углич 4,17,156,3,Машинка,Постоянный,,,
Углич 4,17,156,4,---,Постоянный,,,
Углич 4,17,156,5,Дом,Постоянный,д/с,типовая городская застройка около НИИ,
Углич 4,17,156,6,Дом,Постоянный,дом Шапошниковых,,
Углич 4,17,156,7,Фонарь,ШИМ,,городские,
Углич 4,17,156,8,---,Постоянный,,,
Углич 5,44,138,1,Дом,Постоянный,д/с,здание управления грузового порта Углича,
Углич 5,44,138,2,Светофор,Постоянный,жд стрелка перед грузовым портом,жд красный,
Углич 5,44,138,3,Световор,Постоянный,жд стрелка перед грузовым портом,жд зеленый,
Углич 5,44,138,4,Светофор,Мигающий,жд переезд перед грузовым портом,,
Углич 5,44,138,5,Плеер,Постоянный,,привал Екатерины,
Углич 5,44,138,6,---,Постоянный,,,
Углич 5,44,138,7,Фонарь,Постоянный,,городские,
Углич 5,44,138,8,---,Постоянный,,,
Углич 5,44,139,1,Фонарь,Мигающий,жд переезд на территории грузового порта,,
Углич 5,44,139,2,Машинка,Постоянный,,,
Углич 5,44,139,3,Фонарь,Постоянный,,грузовой порт,
Углич 5,44,139,4,Дом,Постоянный,д/с,трансформаторная ГЭС,
Углич 5,44,139,5,Плеер,Постоянный,,порт,
Углич 5,44,139,6,---,Постоянный,,,
Углич 5,44,139,7,Машинка,ШИМ,рекомендовано 20% 40Гц. pwm более 30% не включать,кран портовый,
Углич 5,44,139,8,Машинка,ШИМ,рекомендовано 20% 40Гц. pwm более 30% не включать,кран портовый,
Углич 6,40 (Кашин 2),,1,---,Постоянный,,,
Углич 6,40 (Кашин 2),,2,---,Постоянный,,,
Углич 6,40 (Кашин 2),,3,---,Постоянный,,,
Углич 6,40 (Кашин 2),,4,---,Постоянный,,,
Углич 6,40 (Кашин 2),,5,---,Постоянный,здание шлюза,,подключено на этом канале на ld 172
Углич 6,40 (Кашин 2),,6,---,Постоянный,,,
Углич 6,40 (Кашин 2),,7,---,Постоянный,фонари,вдоль шлюза,подключено на этом канале на ld 172
Углич 6,40 (Кашин 2),,8,---,Постоянный,,,
Углич 7,40 (Кашин 2),,1,---,Постоянный,,,
Углич 7,40 (Кашин 2),,2,---,Постоянный,,,
Углич 7,40 (Кашин 2),,3,---,Постоянный,,,
Углич 7,40 (Кашин 2),,4,---,Постоянный,машинки,,подключено на этом канале на ld 172
Углич 7,40 (Кашин 2),,5,---,Постоянный,здание шлюза,,подключено на этом канале на ld 172
Углич 7,40 (Кашин 2),,6,---,Постоянный,,,
Углич 7,40 (Кашин 2),,7,---,Постоянный,,,
Углич 7,40 (Кашин 2),,8,---,Постоянный,фонари,городские,подключено на этом канале на ld 172
Мышкин 1,24,170,1,Дом,Постоянный,Город мастеров,,
Мышкин 1,24,170,2,Дом,Постоянный,ферма АгриВолга,внутренняя подсветка,
Мышкин 1,24,170,3,Дом,Постоянный,д/с,деревенские дома,
Мышкин 1,24,170,4,Дом,Постоянный,Воскресенская церковь (Николякино),,
Мышкин 1,24,170,5,Плеер,Постоянный,,ферма АгриВолга,
Мышкин 1,24,170,6,Машинка,Постоянный,,,
Мышкин 1,24,170,7,Фонарь,ШИМ,,"ферма АгриВолга, внешняя подсветка",
Мышкин 1,24,170,8,Фонарь,Мигающий,жд переезд за фермой АгриВолга,,
Мышкин 2,22,167,1,Дом,Постоянный,д/с,деревянный дом,
Мышкин 2,22,167,2,Дом,Постоянный,Уездная земская управа. Тютчевский дом,,
Мышкин 2,22,167,3,Дом,Постоянный,Дом Шуваловых,,
Мышкин 2,22,167,4,Дом,Постоянный,Дом Серебряковых,,
Мышкин 2,22,167,5,Дом,Постоянный,Краеведческий музей. Музей деревянного зодчества,,
Мышкин 2,22,167,6,Дом,Постоянный,Краеведческий музей. Музей деревянного зодчества,,
Мышкин 2,22,167,7,Дом,Постоянный,Краеведческий музей. Музей деревянного зодчества,,
Мышкин 2,22,167,8,Дом,Постоянный,Музей Столицы лоцманов. Краеведческий музей,,
Мышкин 2,22,168,1,Плеер,Постоянный,,Скорбященская церковь,
Мышкин 2,22,168,2,Машинка,Постоянный,,,
Мышкин 2,22,168,3,Дом,Постоянный,Скорбященская церковь,,
Мышкин 2,22,168,4,Дом,Постоянный,здание женской прогимназии,,
Мышкин 2,22,168,5,Дом,Постоянный,Собор Николая Чудотворца,,
Мышкин 2,22,168,6,Дом,Постоянный,музей Мыши,,
Мышкин 2,22,168,7,Фонарь,ШИМ,,городские,
Мышкин 2,22,168,8,Фонарь,Мигающий,жд переезд на выезде из Мышкина,,
Мышкин 2,22,169,1,Плеер,Постоянный,,Краеведческий музей. Музей деревянного зодчества,
Мышкин 2,22,169,2,Дом,Постоянный,Краеведческий музей. Музей деревянного зодчества,,
Мышкин 2,22,169,3,Дом,Постоянный,Музей водочника П.А. Смирнова. Краеведческий музей,,
Мышкин 2,22,169,4,Дом,Постоянный,дом Смирновых,,
Мышкин 2,22,169,5,Дом,Постоянный,Город мастеров,,
Мышкин 2,22,169,6,Дом,Постоянный,Город мастеров,,
Мышкин 2,22,169,7,Фонарь,ШИМ,,городские,
Мышкин 2,22,169,8,Дом,Постоянный,Краеведческий музей. Музей деревянного зодчества,,
Мышкин 3,54,163,1,---,Постоянный,,,
Мышкин 3,54,163,2,Плеер,Постоянный,,Колокольня Успенского собора,
Мышкин 3,54,163,3,Дом,Постоянный,д/с,деревенский дом,
Мышкин 3,54,163,4,Дом,Постоянный,д/с,деревенский дом,
Мышкин 3,54,163,5,Дом,Постоянный,Успенский собор,,
Мышкин 3,54,163,6,Машинка,Постоянный,,,
Мышкин 3,54,163,7,Фонарь,ШИМ,,городские,
Мышкин 3,54,163,8,Фонарь,ШИМ,,вокруг Успенского собора,
Мышкин 3,54,164,1,Фонарь,Постоянный,,только усадьба Чистова,
Мышкин 3,54,164,2,Фонарь,Мигающий,часовня Георгия Победоносца,,
Мышкин 3,54,164,3,Фонарь,Мигающий,часовня усадьбы Чистова,,
Мышкин 3,54,164,4,Дом,Постоянный,дом Чистова,,
Мышкин 3,54,164,5,Дом,Постоянный,мельница усадьбы Чистова,,
Мышкин 3,54,164,6,Дом,Постоянный,дом мельника усадьбы Чистова,,
Мышкин 3,54,164,7,Фонарь,ШИМ,,мемориал ВОВ,
Мышкин 3,54,164,8,---,Постоянный,,,
Мышкин 3,54,165,1,---,Постоянный,,,
Мышкин 3,54,165,2,Плеер,Постоянный,,на набережной у причала,
Мышкин 3,54,165,3,Дом,Постоянный,"гостиница ""МышкИнн""",,
Мышкин 3,54,165,4,Дом,Постоянный,музей Живых ремесел,,
Мышкин 3,54,165,5,Дом,Постоянный,дом дворян Сорокиных,,
Мышкин 3,54,165,6,Дом,Постоянный,дом Чистовых-старших,,
Мышкин 3,54,165,7,Фонарь,ШИМ,,городские,
Мышкин 3,54,165,8,Фонарь,ШИМ,,набережная,
Мышкин 3,54,166,1,---,Постоянный,,,
Мышкин 3,54,166,2,Дом,Постоянный,Дворец Мыши,,
Мышкин 3,54,166,3,Дом,Постоянный,д/с,советская застройка,
Мышкин 3,54,166,4,Дом,Постоянный,Дом П.Е. Смирнова,,
Мышкин 3,54,166,5,Дом,Постоянный,особняк Столбова,,
Мышкин 3,54,166,6,Дом,Постоянный,особняк Столбова,,
Мышкин 3,54,166,7,Фонарь,ШИМ,,только Дворец Мыши,
Мышкин 3,54,166,8,Фонарь,ШИМ,,парк с озером,
Мышкин 4,55,159,1,Плеер,Постоянный,,"съемки фильма ""Родная кровь""",
Мышкин 4,55,159,2,Дом,Постоянный,Дом Томсона,,
Мышкин 4,55,159,3,Дом,Постоянный,д/с,"здание ""КИНО""",
Мышкин 4,55,159,4,Фонарь,Постоянный,,съемки фильма: прожекторы,
Мышкин 4,55,159,5,---,Постоянный,,,
Мышкин 4,55,159,6,---,Постоянный,,,
Мышкин 4,55,159,7,Фонарь,ШИМ,,городские,
Мышкин 4,55,159,8,Фонарь,ШИМ,,набережная,
Мышкин 4,55,160,1,Машинка,Постоянный,,,
Мышкин 4,55,160,2,Дом,Постоянный,д/с,деревенский дом,
Мышкин 4,55,160,3,Дом,Постоянный,д/с,деревенский дом,
Мышкин 4,55,160,4,---,Постоянный,,,
Мышкин 4,55,160,5,---,Постоянный,,,
Мышкин 4,55,160,6,---,Постоянный,,,
Мышкин 4,55,160,7,Фонарь,Мигающий,,вечный огонь мемориала ВОВ,
Мышкин 4,55,160,8,Фонарь,ШИМ,,мемориал ВОВ,
Мышкин 5,56,161,1,Плеер,Постоянный,,дискотека в ДК,
Мышкин 5,56,161,2,---,Постоянный,,,
Мышкин 5,56,161,3,Дом,Постоянный,дом Чистовых-младших,,
Мышкин 5,56,161,4,Дом,Постоянный,дом Чистовых-младших,,
Мышкин 5,56,161,5,---,Постоянный,,,
Мышкин 5,56,161,6,Дом,Мигающий,ДК. Мышкин,дискотека,
Мышкин 5,56,161,7,Дом,Постоянный,ДК. Мышкин,,
Мышкин 5,56,161,8,Фонарь,ШИМ,,вокруг ДК,
Мышкин 5,56,162,1,Машинка,Постоянный,,,
Мышкин 5,56,162,2,Дом,Постоянный,дом Поповых (мужская гимназия),,
Мышкин 5,56,162,3,Дом,Постоянный,дом резчика Борисова,,
Мышкин 5,56,162,4,Дом,Постоянный,"музей техники ""Старый гараж""",,
Мышкин 5,56,162,5,Дом,Постоянный,дом Чистовых-младших,,
Мышкин 5,56,162,6,Фонарь,Мигающий,жд переезд за Мышкиным,,
Мышкин 5,56,162,7,Фонарь,ШИМ,,городские,
Мышкин 5,56,162,8,---,Постоянный,,,
Мышкин 6,39,158,1,Плеер,Постоянный,,,расположение на клапане Мышкин 7
Мышкин 6,39,158,2,Дом,Постоянный,Вознесенская церковь (Охотино),,расположение на клапане Мышкин 7
Мышкин 6,39,158,3,Фонарь,Мигающий,,костер,расположение на клапане Мышкин 7
Мышкин 6,39,158,4,Машинка,Постоянный,,,
Мышкин 6,39,158,5,---,Постоянный,,,
Мышкин 6,39,158,6,---,Постоянный,,,
Мышкин 6,39,158,7,Фонарь,ШИМ,,,
Мышкин 6,39,158,8,---,Постоянный,,,
Мышкин 7,39 (Мышкин6),,1,---,Постоянный,плеер,колокольня Вознесенской церкови,подключено на этом канале на ld 158
Мышкин 7,39 (Мышкин6),,2,---,Постоянный,Вознесенская церковь (Охотино),,подключено на этом канале на ld 158
Мышкин 7,39 (Мышкин6),,3,---,Постоянный,костер,,подключено на этом канале на ld 158
Мышкин 7,39 (Мышкин6),,4,---,Постоянный,,,
Мышкин 7,39 (Мышкин6),,5,---,Постоянный,,,
Мышкин 7,39 (Мышкин6),,6,---,Постоянный,,,
Мышкин 7,39 (Мышкин6),,7,---,Постоянный,,,
Мышкин 7,39 (Мышкин6),,8,---,Постоянный,,,
Мышкин 8,25,157,1,Дом,Постоянный,Церковь Кассиана Грека,,
Мышкин 8,25,157,2,Дом,Постоянный,Учемский музей,,
Мышкин 8,25,157,3,Дом,Постоянный,Учемский музей,,
Мышкин 8,25,157,4,Машинка,Постоянный,,,
Мышкин 8,25,157,5,Дом,Постоянный,Учемский музей. Хозяйский дом,,
Мышкин 8,25,157,6,Дом,Постоянный,д/с,деревенский дом,
Мышкин 8,25,157,7,Дом,Постоянный,д/с,деревенский дом,
Мышкин 8,25,157,8,Фонарь,ШИМ,,городские,
Кашин 1,50,171,1,Дом,Постоянный,Супоневский дворец,,
Кашин 1,50,171,2,Машинка,Постоянный,,,
Кашин 1,50,171,3,Плеер,Постоянный,,строительство Свияжска,
Кашин 1,50,171,4,---,Постоянный,,,
Кашин 1,50,171,5,---,Постоянный,,,
Кашин 1,50,171,6,---,Постоянный,,,
Кашин 1,50,171,7,Фонарь,ШИМ,,дорога от шлюза,
Кашин 1,50,171,8,Фонарь,Мигающий,,костер 2 шт строительство Свияжска,
Кашин 2,40,172,1,---,Постоянный,,,
Кашин 2,40,172,2,---,Постоянный,,,
Кашин 2,40,172,3,Фонарь,Постоянный,,"дальняя часть моста через ГЭС, неск. фонарей",расположение на мосту в русле
Кашин 2,40,172,4,Машинка,Постоянный,,,расположение на клапане Углич7
Кашин 2,40,172,5,Дом,Постоянный,здания шлюза,сборка 4х зданий,"расположение на клапанах Углич 6, 7 и Кашин 1, 2"
Кашин 2,40,172,6,Дом,Постоянный,здание-портал Угличского шлюза,,
Кашин 2,40,172,7,Фонарь,ШИМ,,сборка линий фонарей вдоль шлюза Углич,расположение на клапанах Углич 6 и Кашин 2
Кашин 2,40,172,8,Фонарь,ШИМ,,городские,расположение на клапане Углич7
Кашин 4,45,173,1,Дом,Постоянный,здание ДОЛ Орленок,,
Кашин 4,45,173,2,Дом,Постоянный,здание ДОЛ Орленок,,
Кашин 4,45,173,3,Дом,Постоянный,здание ДОЛ Орленок,,
Кашин 4,45,173,4,Дом,Постоянный,здание ДОЛ Орленок,,
Кашин 4,45,173,5,Дом,Постоянный,здание ДОЛ Орленок,,
Кашин 4,45,173,6,Дом,Постоянный,здание ДОЛ Орленок,,
Кашин 4,45,173,7,Фонарь,Мигающий,,костер ДОЛ Орленок,
Кашин 4,45,173,8,Фонарь,ШИМ,,ДОЛ Орленок,
Кашин 4,45,174,1,Дом,Постоянный,Входоиерусалимская церковь,,
Кашин 4,45,174,2,Дом,Постоянный,д/с,"городской особняк, Московская 21/4",
Кашин 4,45,174,3,Машинка,Постоянный,,,
Кашин 4,45,174,4,Дом,Постоянный,д/с,деревенский дом,
Кашин 4,45,174,5,Дом,Постоянный,д/с,деревенский дом,
Кашин 4,45,174,6,Дом,Постоянный,храм Рождества Христова (д. Прилуки),,
Кашин 4,45,174,7,Фонарь,ШИМ,,деревенские,
Кашин 4,45,174,8,---,Постоянный,,,
Кашин 5,46,175,1,Дом,Постоянный,Торговые ряды Кашина,внутренняя подсветка,
Кашин 5,46,175,2,Дом,Постоянный,Торговые ряды Кашина,внешняя подсветка,
Кашин 5,46,175,3,Дом,Постоянный,Воскресенский собор,,
Кашин 5,46,175,4,Плеер,Постоянный,,колокольня Воскресенского собора,
Кашин 5,46,175,5,Машинка,Постоянный,,,
Кашин 5,46,175,6,---,Постоянный,,,
Кашин 5,46,175,7,Фонарь,ШИМ,,вокруг собора,
Кашин 5,46,175,8,---,Постоянный,,,
Кашин 5,46,176,1,Дом,Постоянный,д/с,"городской особняк, Михаила Ушакова, 11",
Кашин 5,46,176,2,Дом,Постоянный,Особняк купца Жданова,,
Кашин 5,46,176,3,Дом,Постоянный,д/с,деревенский дом,
Кашин 5,46,176,4,Дом,Постоянный,д/с,деревенский дом,
Кашин 5,46,176,5,Дом,Постоянный,Соборный дом,,
Кашин 5,46,176,6,---,Постоянный,,,
Кашин 5,46,176,7,Фонарь,ШИМ,,городские,
Кашин 5,46,176,8,---,Постоянный,,,
Калязин 1,41,121,1,Дом,Постоянный,д/с,глэмпинг в лесу,
Калязин 1,41,121,2,Дом,Постоянный,д/с,3 деревенских дома,
Калязин 1,41,121,3,Дом,Постоянный,Трактиръ / дом Виноградовых,,
Калязин 1,41,121,4,Машинка,Постоянный,,,
Калязин 1,41,121,5,Фонарь,Мигающий,,костер привала ушкуйников,
Калязин 1,41,121,6,Дом,Постоянный,Богородице-Рождественская церковь,,
Калязин 1,41,121,7,Фонарь,ШИМ,,деревенские,
Калязин 1,41,121,8,---,Постоянный,,,
Калязин 2,49,122,1,Фонарь,Мигающий,жд переезд через жд развязку в Калязине,,
Калязин 2,49,122,2,Дом,Постоянный,изба Усадьбы Бабы-Яги,,
Калязин 2,49,122,3,Светофор,Постоянный,светофор после моста Поречье-Калязин,жд зеленый,
Калязин 2,49,122,4,Светофор,Постоянный,,жд красный,
Калязин 2,49,122,5,---,Постоянный,,,
Калязин 2,49,122,6,---,Постоянный,,,
Калязин 2,49,122,7,Фонарь,ШИМ,,Усадьба Бабы-Яги,
Калязин 2,49,122,8,Фонарь,ШИМ,,специально сломанный мигающий фонарь,
Калязин 2,49,123,1,---,Постоянный,,,
Калязин 2,49,123,2,Дом,Постоянный,Байк-центр Волчье логово,пасть волка,
Калязин 2,49,123,3,Дом,Постоянный,Кинотеатр Радуга,,
Калязин 2,49,123,4,Плеер,Постоянный,,Волчье логово,
Калязин 2,49,123,5,---,Постоянный,,,
Калязин 2,49,123,6,Дом,Постоянный,Колледж им. Н.М. Полежаева,,
Калязин 2,49,123,7,Фонарь,ШИМ,,городские,
Калязин 2,49,123,8,Фонарь,ШИМ,,городские,
Калязин 2,49,124,1,Светофор,Постоянный,жд стрелка перед дублером станции Калязин,жд синий,
Калязин 2,49,124,2,Светофор,Постоянный,жд стрелка перед дублером станции Калязин,жд белый,
Калязин 2,49,124,3,Светофор,Постоянный,жд стрелка перед станцией Калязин,жд синий,
Калязин 2,49,124,4,Светофор,Постоянный,жд стрелка перед станцией Калязин,жд белый,
Калязин 2,49,124,5,Светофор,Постоянный,перед жд развязкой в Калязине (в Поречье),жд красный,
Калязин 2,49,124,6,Светофор,Постоянный,перед жд развязкой в Калязине (в Поречье),жд зеленый,
Калязин 2,49,124,7,Светофор,Постоянный,перед жд развязкой в Калязине (в Кашин),жд зеленый,
Калязин 2,49,124,8,Светофор,Постоянный,перед жд развязкой в Калязине (в Кашин),жд красный,
Калязин 2,49,125,1,Дом,Постоянный,Городская управа Калязина,,
Калязин 2,49,125,2,Дом,Постоянный,жд станция Калязин,,
Калязин 2,49,125,3,Светофор,Постоянный,жд стрелка после станции Калязин,жд белый,
Калязин 2,49,125,4,Светофор,Постоянный,жд стрелка после дублера станции Калязин,жд синий,
Калязин 2,49,125,5,Светофор,Постоянный,жд стрелка после станции Калязин,жд синий,
Калязин 2,49,125,6,Светофор,Постоянный,жд стрелка после дублера станции Калязин,жд белый,
Калязин 2,49,125,7,Фонарь,ШИМ,,специально сломанный мигающий фонарь,
Калязин 2,49,125,8,Фонарь,ШИМ,,на станции,
Калязин 2,49,126,1,Машинка,Постоянный,,,
Калязин 2,49,126,2,Дом,Постоянный,Историческая застройка ХIХ века_2,,
Калязин 2,49,126,3,Дом,Постоянный,историческая застройка ХIХ века_1,,
Калязин 2,49,126,4,Дом,Постоянный,дом купцов Ляховых,,
Калязин 2,49,126,5,Дом,Постоянный,дом купцов Коровкиных,,
Калязин 2,49,126,6,Дом,Постоянный,дом купцов Семеновых,,
Калязин 2,49,126,7,Фонарь,ШИМ,,парковые,
Калязин 2,49,126,8,---,Постоянный,,,
Калязин 3,48,127,1,Дом,Постоянный,д/с,деревенскй дом,
Калязин 3,48,127,2,Дом,Постоянный,усадьба братьев Обуховых 1 часть,,
Калязин 3,48,127,3,Дом,Постоянный,дом Полежаевых,,
Калязин 3,48,127,4,Дом,Постоянный,дом купцов Рыжковых,,
Калязин 3,48,127,5,Дом,Постоянный,церковь Вознесения Господня,,
Калязин 3,48,127,6,Плеер,Постоянный,,церковь Вознесения Господня,
Калязин 3,48,127,7,Фонарь,ШИМ,,сквер у набережной,
Калязин 3,48,127,8,Фонарь,ШИМ,,городские,
Калязин 3,48,128,1,Дом,Постоянный,городское Училище часть 1,,
Калязин 3,48,128,2,Дом,Постоянный,усадьба братьев Обуховых 2 часть,,
Калязин 3,48,128,3,Дом,Постоянный,усадьба братьев Обуховых 3 часть,,
Калязин 3,48,128,4,Дом,Постоянный,д/с,деревенский дом,
Калязин 3,48,128,5,Дом,Постоянный,усадьба братьев Обуховых 4 часть,,
Калязин 3,48,128,6,Плеер,Постоянный,,Калязинская Колокольня,
Калязин 3,48,128,7,Фонарь,ШИМ,,городские,
Калязин 3,48,128,8,---,Постоянный,,,
Калязин 3,48,129,1,Дом,Постоянный,городское Училище часть 2,,
Калязин 3,48,129,2,Фонарь,Мигающий,жд переезд на въезде в Калязин из Поречья,,
Калязин 3,48,129,3,Светофор,Постоянный,после станции в Калязине (в сторону Углича),жд красный,
Калязин 3,48,129,4,Светофор,Постоянный,после станции в Калязине (в сторону Углича),жд зеленый,
Калязин 3,48,129,5,Светофор,Постоянный,перед станцией в Калязине (в сторону Поречья),жд зеленый,
Калязин 3,48,129,6,Светофор,Постоянный,перед станцией в Калязине (в сторону Поречья),жд красный,
Калязин 3,48,129,7,Фонарь,ШИМ,,городские,
Калязин 3,48,129,8,---,Постоянный,,,
Калязин 3,48,130,1,Дом,Постоянный,Яхт-клуб Калязин,,
Калязин 3,48,130,2,Машинка,Постоянный,,,
Калязин 3,48,130,3,Фонарь,Мигающий,жд переезд около яхт-клуба Калязин,,
Калязин 3,48,130,4,Светофор,Постоянный,перед поворотом на Калязин из Углича,жд зеленый,
Калязин 3,48,130,5,Светофор,Постоянный,перед поворотом на Калязин из Углича,жд красный,
Калязин 3,48,130,6,Дом,Постоянный,Калязинская Колокольня,,
Калязин 3,48,130,7,Фонарь,ШИМ,,причал яхт-клуба,
Калязин 3,48,130,8,---,Постоянный,,,
Калязин 4,47,131,1,Дом,Постоянный,Богоявленская церковь,,
Калязин 4,47,131,2,---,Постоянный,,,
Калязин 4,47,131,3,Дом,Постоянный,Особняк князей Шохонских,,
Калязин 4,47,131,4,Дом,Постоянный,д/с,лесопилка,
Калязин 4,47,131,5,Машинка,Постоянный,,,
Калязин 4,47,131,6,Плеер,Постоянный,,около Богоявленской церкови,
Калязин 4,47,131,7,Фонарь,ШИМ,,специально сломанный мигающий фонарь,
Калязин 4,47,131,8,Фонарь,Мигающий,,костер,
Калязин 4,47,132,1,Дом,Постоянный,церковь Введения во храм Пр.Богородицы,,
Калязин 4,47,132,2,Дом,Постоянный,д/с,дер.дома р-на Свистуха,
Калязин 4,47,132,3,Дом,Постоянный,д/с,дер.дома р-на Свистуха,
Калязин 4,47,132,4,Дом,Постоянный,д/с,дер.дома р-на Свистуха,
Калязин 4,47,132,5,Дом,Постоянный,д/с,дер.дома р-на Свистуха,
Калязин 4,47,132,6,Дом,Постоянный,д/с,дер.дома р-на Свистуха,
Калязин 4,47,132,7,Фонарь,ШИМ,,городские,
Калязин 4,47,132,8,Фонарь,ШИМ,,городские,
Калязин 4,47,133,1,Дом,Постоянный,здание Земской больницы,,
Калязин 4,47,133,2,Дом,Постоянный,д/с,дер.дома р-на Свистуха,
Калязин 4,47,133,3,Дом,Постоянный,д/с,кпп Ухо,
Калязин 4,47,133,4,Фонарь,Мигающий,жд переезд на выезде из Свистухи,,
Калязин 4,47,133,5,---,Постоянный,,,
Калязин 4,47,133,6,Плеер,Постоянный,,динамик в Ухе,
Калязин 4,47,133,7,Фонарь,ШИМ,,у кпп,
Калязин 4,47,133,8,Фонарь,ШИМ,,вокруг Уха,
Калязин 5,31,120,1,Машинка,Постоянный,,,
Калязин 5,31,120,2,Дом,Постоянный,Калязинское Ухо,подсветка здания и красные маячки,
Калязин 5,31,120,3,---,Мигающий,,,
Калязин 5,31,120,4,Дом,Постоянный,д/с,деревенский дом,
Калязин 5,31,120,5,Дом,Постоянный,д/с,деревенский дом,
Калязин 5,31,120,6,Дом,Постоянный,д/с,деревенский дом,
Калязин 5,31,120,7,Фонарь,ШИМ,,деревенские,
Калязин 5,31,120,8,Фонарь,ШИМ,,автомост Поречте,
Кимры 1,27,181,1,Дом,Постоянный,Гостиный двор Кимры,,
Кимры 1,27,181,2,Дом,Постоянный,Гостиный двор Кимры,,
Кимры 1,27,181,3,Дом,Постоянный,Дом купца Теплова,,
Кимры 1,27,181,4,Дом,Постоянный,Дом врача Н.А. Жардецкого,,
Кимры 1,27,181,5,Машинка,Постоянный,,,
Кимры 1,27,181,6,Дом,Постоянный,Театр драмы и комедии,,
Кимры 1,27,181,7,Фонарь,ШИМ,,набнрежная,
Кимры 1,27,181,8,Фонарь,ШИМ,,перед театром,
Кимры 1,27,182,1,Дом,Постоянный,Кимрская фабрика им. М. Горького группа 1,,
Кимры 1,27,182,2,Дом,Постоянный,Кимрская фабрика им. М. Горького группа 2,,
Кимры 1,27,182,3,Дом,Постоянный,Купеческий клуб - дом Наумова,,
Кимры 1,27,182,4,Дом,Постоянный,Дом крестьянина Бугринова,,
Кимры 1,27,182,5,Дом,Постоянный,Дом И.К. Тунцова,,
Кимры 1,27,182,6,Дом,Постоянный,д/с,деревенский дом,
Кимры 1,27,182,7,Фонарь,ШИМ,,городские,
Кимры 1,27,182,8,Фонарь,ШИМ,,городские,
Кимры 2,29,177,1,Дом,Постоянный,д/с,5кж подъезд,
Кимры 2,29,177,2,Дом,Постоянный,д/с,5кж гр1,
Кимры 2,29,177,3,Дом,Постоянный,д/с,5кж гр2,
Кимры 2,29,177,4,Дом,Постоянный,Преображенский собор,,
Кимры 2,29,177,5,Дом,Постоянный,дом доходный с магазином,,
Кимры 2,29,177,6,Дом,Постоянный,"Дом торговца Вахлина, реконструкция",,
Кимры 2,29,177,7,Дом,Постоянный,дом купца Кожевникова,,
Кимры 2,29,177,8,Фонарь,ШИМ,,городские,
Кимры 2,29,178,1,Дом,Постоянный,д/с,деревенский,
Кимры 2,29,178,2,Дом,Постоянный,контора Лужиных,,
Кимры 2,29,178,3,Дом,Постоянный,дом купца В.Н. Серепьева,,
Кимры 2,29,178,4,Дом,Постоянный,дом Собцова,,
Кимры 2,29,178,5,Дом,Постоянный,дом С.И. Горбылева,,
Кимры 2,29,178,6,Дом,Постоянный,доходный дом Зайцева,,
Кимры 2,29,178,7,Фонарь,ШИМ,,городские,
Кимры 2,29,178,8,Фонарь,ШИМ,,главная площадь,
Кимры 2,29,179,1,Дом,Постоянный,банк купцов Мошкиных,,
Кимры 2,29,179,2,Дом,Постоянный,дом обувщика В.С. Шокина,,
Кимры 2,29,179,3,Дом,Постоянный,здание Почтамта,,
Кимры 2,29,179,4,Дом,Постоянный,дом купцов Лужиных,,
Кимры 2,29,179,5,Дом,Постоянный,дом Фёдора Онуфриевича Потапенко. Том Сойер фест,,
Кимры 2,29,179,6,Дом,Постоянный,здание стадиона Красная Звезда,,
Кимры 2,29,179,7,Фонарь,ШИМ,,вокруг стадиона,
Кимры 2,29,179,8,Фонарь,ШИМ,,городские,
Кимры 2,29,180,1,Дом,Постоянный,гостиница Чайка,,
Кимры 2,29,180,2,Дом,Постоянный,Купеческие дома,,
Кимры 2,29,180,3,Дом,Постоянный,дом С.И. Горбылёва,,
Кимры 2,29,180,4,Машинка,Постоянный,,,
Кимры 2,29,180,5,Дом,Постоянный,дом купца Рыбкина,,
Кимры 2,29,180,6,Плеер,Постоянный,,стадион Красная звезда,
Кимры 2,29,180,7,Фонарь,ШИМ,,мост,
Кимры 2,29,180,8,Фонарь,ШИМ,,набережная,
Кимры 3,21,183,1,Дом,Постоянный,храм Вознесения Господня,,
Кимры 3,21,183,2,Дом,Постоянный,"дом Ускова, жилой деревянный дом в стиле модерн",,
Кимры 3,21,183,3,Дом,Постоянный,Дом Кустаря,,
Кимры 3,21,183,4,Дом,Постоянный,"Дом Кустаря, мастерская",,
Кимры 3,21,183,5,Дом,Постоянный,"Дом Хамковой, жилой деревянный дом в стиле модерн",,
Кимры 3,21,183,6,Дом,Постоянный,"дом деревянный с башенкой, модерн",,
Кимры 3,21,183,7,Фонарь,ШИМ,,городские,
Кимры 3,21,183,8,Фонарь,ШИМ,,диско RGB на сцене Былинного берега,
Кимры 3,21,184,1,---,Постоянный,,,
Кимры 3,21,184,2,Дом,Постоянный,"дом Е. Смирнова, жилой деревянный дом, модерн",,
Кимры 3,21,184,3,Дом,Постоянный,дом Носова,,
Кимры 3,21,184,4,Дом,Постоянный,дом сапожника-писателя М.А. Рыбакова,,
Кимры 3,21,184,5,Машинка,Постоянный,,,
Кимры 3,21,184,6,Плеер,Постоянный,,сцена Былинный берег,
Кимры 3,21,184,7,Фонарь,ШИМ,,диско холодный свет,
Кимры 3,21,184,8,Фонарь,ШИМ,,диско теплый свет,
Кимры 4,23,193,1,Дом,Постоянный,"аэродром Борки, диспетчерская",,
Кимры 4,23,193,2,Дом,Постоянный,"аэродром Борки, общежитие",,
Кимры 4,23,193,3,Дом,Постоянный,"аэродром Борки, администрация, школа",,
Кимры 4,23,193,4,Фонарь,Постоянный,,самолет,
Кимры 4,23,193,5,Плеер,Постоянный,,аэродром Борки,
Кимры 4,23,193,6,Машинка,Постоянный,,,
Кимры 4,23,193,7,Фонарь,ШИМ,,освещение аэродрома,
Кимры 4,23,193,8,Фонарь,ШИМ,,городские,
Кимры 5,30,187,1,---,Постоянный,,,
Кимры 5,30,187,2,Дом,Постоянный,"Савеловский машиностроительный завод, проходная",,
Кимры 5,30,187,3,Дом,Постоянный,"СМЗ, основное здание",,
Кимры 5,30,187,4,Дом,Постоянный,"СМЗ, доп.корпус",,
Кимры 5,30,187,5,Дом,Постоянный,д/с,деревенский дом,
Кимры 5,30,187,6,Машинка,Постоянный,,на мосту,
Кимры 5,30,187,7,Фонарь,ШИМ,,на мосту,
Кимры 5,30,187,8,Фонарь,ШИМ,,городские,
Кимры 5,30,188,1,Светофор,Постоянный,перед жд станцией Савелово,жд красный,
Кимры 5,30,188,2,Светофор,Постоянный,перед жд станцией Савелово,жд зеленый,
Кимры 5,30,188,3,Светофор,Постоянный,"жд стрелка перед станцией Савелово, 2ой путь",жд синий,
Кимры 5,30,188,4,Светофор,Постоянный,"жд стрелка перед станцией Савелово, 2ой путь",жд белый,
Кимры 5,30,188,5,Светофор,Постоянный,"жд стрелка перед станцией Савелово, 3ий путь",жд синий,
Кимры 5,30,188,6,Светофор,Постоянный,"жд стрелка перед станцией Савелово, 3ий путь",жд белый,
Кимры 5,30,188,7,Светофор,Постоянный,"жд стрелка перед станцией Савелово, 4ый путь",жд синий,
Кимры 5,30,188,8,Светофор,Постоянный,"жд стрелка перед станцией Савелово, 4ый путь",жд белый,
Кимры 5,30,189,1,---,Постоянный,,,
Кимры 5,30,189,2,Дом,Постоянный,д/с,5кж гр 5,
Кимры 5,30,189,3,Дом,Постоянный,д/с,5кж гр 4,
Кимры 5,30,189,4,Дом,Постоянный,д/с,5кж гр 3,
Кимры 5,30,189,5,Дом,Постоянный,д/с,5кж гр 2,
Кимры 5,30,189,6,Дом,Постоянный,д/с,5кж гр 1,
Кимры 5,30,189,7,Дом,ШИМ,д/с,5кж подъезд,
Кимры 5,30,189,8,---,Постоянный,,,
Кимры 5,30,190,1,Плеер,Постоянный,,у вокзала Савелово,
Кимры 5,30,190,2,Фонарь,Постоянный,,"освещение жд путей, рамка над путями",
Кимры 5,30,190,3,Дом,Постоянный,д/с,"ул. ВЛКСМ, 19",
Кимры 5,30,190,4,Фонарь,Постоянный,"жд стрелка перед станцией Савелово, 5ый путь",жд синий,
Кимры 5,30,190,5,Фонарь,Постоянный,"жд стрелка перед станцией Савелово, 5ый путь",жд белый,
Кимры 5,30,190,6,Дом,Постоянный,д/с,"послевоенный немецкий дом, 2эт",
Кимры 5,30,190,7,Фонарь,ШИМ,,городские,
Кимры 5,30,190,8,---,Постоянный,,,
Кимры 5,30,191,1,---,Постоянный,,,
Кимры 5,30,191,2,---,Постоянный,,,
Кимры 5,30,191,3,Машинка,Постоянный,,,
Кимры 5,30,191,4,Дом,Постоянный,д/с,домик у станции,
Кимры 5,30,191,5,Дом,Постоянный,жд вокзал Савелово,,
Кимры 5,30,191,6,Дом,Постоянный,дом творчества им. Панкова,,
Кимры 5,30,191,7,Фонарь,ШИМ,,набережная,
Кимры 5,30,191,8,Фонарь,ШИМ,,фонари СМЗ,
Кимры 5,30,192,1,Фонарь,Мигающий,,мигалки скорой помощи,
Кимры 5,30,192,2,Дом,Постоянный,"сталинка, ул. Коммунистическая, 2/4",гр 5,
Кимры 5,30,192,3,Дом,Постоянный,"сталинка, ул. Коммунистическая, 2/5",гр 4,
Кимры 5,30,192,4,Дом,Постоянный,"сталинка, ул. Коммунистическая, 2/6",гр 3,
Кимры 5,30,192,5,Дом,Постоянный,"сталинка, ул. Коммунистическая, 2/7",гр 2,
Кимры 5,30,192,6,Дом,Постоянный,"сталинка, ул. Коммунистическая, 2/8",гр 1,
Кимры 5,30,192,7,Дом,ШИМ,"сталинка, ул. Коммунистическая, 2/9",подъезд,
Кимры 5,30,192,8,---,Постоянный,,,
Кимры 6,28,185,1,---,Постоянный,,,
Кимры 6,28,185,2,---,Постоянный,,,
Кимры 6,28,185,3,Дом,Постоянный,храм Иерусалимской иконы Божией Матери,,
Кимры 6,28,185,4,Плеер,Постоянный,,около храма Иерусалимской иконы БМ,
Кимры 6,28,185,5,Дом,Постоянный,д/с,деревенский дом,
Кимры 6,28,185,6,Дом,Постоянный,д/с,фабрика,
Кимры 6,28,185,7,Машинка,ШИМ,рекомендовано 20% 40Гц. pwm более 30% не включать,кран портовый,
Кимры 6,28,185,8,Машинка,ШИМ,рекомендовано 20% 40Гц. pwm более 30% не включать,кран портовый,
Кимры 6,28,186,1,---,Постоянный,,,
Кимры 6,28,186,2,---,Постоянный,,,
Кимры 6,28,186,3,---,Постоянный,,,
Кимры 6,28,186,4,Дом,Постоянный,д/с,деревенский дом,
Кимры 6,28,186,5,Дом,Постоянный,д/с,"ул. Парковая, 7, типовая застройка",
Кимры 6,28,186,6,Машинка,Постоянный,,,
Кимры 6,28,186,7,Фонарь,ШИМ,,городские,
Кимры 6,28,186,8,Фонарь,ШИМ,,мачты в порту,
Дубна 1,51,194,1,---,Постоянный,,,
Дубна 1,51,194,2,Фонарь,Постоянный,,подсветка моста низ1,
Дубна 1,51,194,3,Фонарь,Постоянный,,подсветка моста низ2,
Дубна 1,51,194,4,Машинка,Постоянный,,машины и фонари моста + машины клапана,
Дубна 1,51,194,5,Дом,Постоянный,Особая экономическая зона Дубна,,
Дубна 1,51,194,6,Фонарь,Постоянный,RGB бег.огни центр.части моста через реле и контроллер,,
Дубна 1,51,194,7,Машинка,ШИМ,,машины и фонари центр. части моста,
Дубна 1,51,194,8,Фонарь,ШИМ,,городские,
Дубна 2,38,195,1,---,Постоянный,,,
Дубна 2,38,195,2,---,Постоянный,,,
Дубна 2,38,195,3,---,Постоянный,,,
Дубна 2,38,195,4,---,Постоянный,,,
Дубна 2,38,195,5,Машинка,Постоянный,,,
Дубна 2,38,195,6,Дом,Постоянный,"МАУК "" Музей Дубны"". Отделение истории создания крылатых ракет",,
Дубна 2,38,195,7,Фонарь,ШИМ,,территория музея,
Дубна 2,38,195,8,Фонарь,ШИМ,,городские,
Дубна 3,52,204,1,Машинка,Постоянный,,,
Дубна 3,52,204,2,Дом,Постоянный,волжский маяк,,
Дубна 3,52,204,3,Фонарь,Постоянный,,сквер за Сталиным,
Дубна 3,52,204,4,Дом,Постоянный,здание управления ГЭС,,
Дубна 3,52,204,5,Дом,Постоянный,Иваньковская ГЭС,,
Дубна 3,52,204,6,Дом,Постоянный,здания шлюза,,
Дубна 3,52,204,7,Фонарь,ШИМ,,городские,
Дубна 3,52,204,8,Фонарь,ШИМ,,вдоль шлюза,
Дубна 4,14 (Дубна 5),,1,---,Постоянный,,,
Дубна 4,14 (Дубна 5),,2,---,Постоянный,волжский маяк,,подключено на этом канале на ld 208
Дубна 4,14 (Дубна 5),,3,---,Постоянный,,,
Дубна 4,14 (Дубна 5),,4,---,Постоянный,,,
Дубна 4,14 (Дубна 5),,5,---,Постоянный,,,
Дубна 4,14 (Дубна 5),,6,---,Постоянный,,,
Дубна 4,14 (Дубна 5),,7,---,Постоянный,,,
Дубна 4,14 (Дубна 5),,8,---,Постоянный,,,
Дубна 5,14,208,1,Машинка,Постоянный,,,
Дубна 5,14,208,2,Дом,Постоянный,волжский маяк,,расположение на клапане Дубна 4
Дубна 5,14,208,3,Дом,Постоянный,волжский маяк,,
Дубна 5,14,208,4,Дом,Постоянный,д/с,КПП переврава,
Дубна 5,14,208,5,Дом,Постоянный,"заградительные ворота №104, левый берег",,
Дубна 5,14,208,6,---,Постоянный,,,
Дубна 5,14,208,7,---,Постоянный,,,
Дубна 5,14,208,8,---,Постоянный,,,
Дубна 6,53,205,1,Машинка,Постоянный,,,
Дубна 6,53,205,2,Фонарь,Постоянный,,посдветка под мостом1,
Дубна 6,53,205,3,Фонарь,Постоянный,,подсветка под мостом2,
Дубна 6,53,205,4,Дом,Постоянный,поющий фонтан,,
Дубна 6,53,205,5,Дом,Постоянный,д/с,магазин на 1ом этаже ЖК,
Дубна 6,53,205,6,Дом,Постоянный,здания шлюза,,
Дубна 6,53,205,7,Машинка,Постоянный,,машины и фонари с моста,
Дубна 6,53,205,8,Фонарь,ШИМ,,вокруг пруда в парке,
Дубна 6,53,206,1,Плеер,Постоянный,,около ВВ шлюза Дубна,
Дубна 6,53,206,2,Плеер,Постоянный,,около поющего фонтана,
Дубна 6,53,206,3,Плеер,Постоянный,,около вокзала,
Дубна 6,53,206,4,Фонарь,Постоянный,,мачты над жд путями,
Дубна 6,53,206,5,Дом,Постоянный,д/с,КПП переправа,
Дубна 6,53,206,6,Дом,Постоянный,Большой Волжский Маяк,,
Дубна 6,53,206,7,Фонарь,ШИМ,,городские,
Дубна 6,53,206,8,Фонарь,ШИМ,,вдоль шлюза,
Дубна 6,53,207,1,Дом,Постоянный,жд станция Большая Волга,,
Дубна 6,53,207,2,Дом,Постоянный,д/с,ЖК гр 1 двор,
Дубна 6,53,207,3,Дом,Постоянный,д/с,ЖК гр 2 двор,
Дубна 6,53,207,4,Дом,Постоянный,д/с,ЖК гр 3 внешний фасад,
Дубна 6,53,207,5,Дом,Постоянный,д/с,ЖК гр 4 внешний фасад,
Дубна 6,53,207,6,Дом,Постоянный,"заградительные ворота №104, правый берег",,
Дубна 6,53,207,7,Фонарь,ШИМ,,вдоль вокзала,
Дубна 6,53,207,8,Фонарь,ШИМ,,городские,
Дубна 7,32,199,1,Дом,Постоянный,Дом международных совещаний ОИЯИ,,
Дубна 7,32,199,2,Дом,Постоянный,"Болгарский дом ""Атом не солдат!""",подъезды,
Дубна 7,32,199,3,Дом,Постоянный,"Болгарский дом ""Атом не солдат!""",гр1,
Дубна 7,32,199,4,Дом,Постоянный,"Болгарский дом ""Атом не солдат!""",гр2,
Дубна 7,32,199,5,Дом,Постоянный,"Болгарский дом ""Атом не солдат!""",гр3,
Дубна 7,32,199,6,Дом,Постоянный,"Болгарский дом ""Атом не солдат!""",гр4,
Дубна 7,32,199,7,Фонарь,ШИМ,,двойные в сквере,
Дубна 7,32,199,8,---,Постоянный,,,
Дубна 7,32,200,1,Дом,Постоянный,д/с,ЖК высотка гр1,
Дубна 7,32,200,2,Дом,Постоянный,д/с,ЖК высотка гр2,
Дубна 7,32,200,3,Машинка,Постоянный,,,
Дубна 7,32,200,4,Дом,Постоянный,бассейн Архимед,гр1,
Дубна 7,32,200,5,Дом,Постоянный,бассейн Архимед,гр2 вода,
Дубна 7,32,200,6,Дом,Постоянный,бассейн Архимед,гр3,
Дубна 7,32,200,7,Фонарь,ШИМ,,вдоль бассейна,
Дубна 7,32,200,8,---,Постоянный,,,
Дубна 7,32,201,1,Дом,Постоянный,"Гостиница Дубна, корпус 3",гр1,
Дубна 7,32,201,2,Дом,Постоянный,"Гостиница Дубна, корпус 3",гр2,
Дубна 7,32,201,3,Дом,Постоянный,"Гостиница Дубна, корпус 3",гр3,
Дубна 7,32,201,4,Дом,Постоянный,"Гостиница Дубна, корпус 3",гр4,
Дубна 7,32,201,5,Дом,Постоянный,"Гостиница Дубна, корпус 3",гр5,
Дубна 7,32,201,6,---,Постоянный,,,
Дубна 7,32,201,7,Фонарь,ШИМ,,набережная,
Дубна 7,32,201,8,Фонарь,ШИМ,,сквер у гостиницы,
Дубна 7,32,202,1,Дом,Постоянный,"Гостиница Дубна, корпус 3",1 этаж,
Дубна 7,32,202,2,Дом,Постоянный,"Гостиница Дубна, корпус 4",гр6,
Дубна 7,32,202,3,Дом,Постоянный,"Гостиница Дубна, корпус 5",гр7,
Дубна 7,32,202,4,Дом,Постоянный,"Гостиница Дубна, корпус 6",гр8,
Дубна 7,32,202,5,Дом,Постоянный,"Гостиница Дубна, корпус 7",гр9,
Дубна 7,32,202,6,Дом,Постоянный,"Гостиница Дубна, корпус 8",гр10,
Дубна 7,32,202,7,Фонарь,ШИМ,,городские,
Дубна 7,32,202,8,---,Постоянный,,,
Дубна 8,36,196,1,---,Постоянный,,,
Дубна 8,36,196,2,Машинка,Постоянный,,,
Дубна 8,36,196,3,Дом,Постоянный,многоквартирный дом для ученых 1,,
Дубна 8,36,196,4,Дом,Постоянный,Дом ученых ОИЯИ,,
Дубна 8,36,196,5,Дом,Постоянный,музей истории науки и техники ОИЯИ,,
Дубна 8,36,196,6,Дом,Постоянный,многоквартирный дом для ученых 2,,
Дубна 8,36,196,7,Фонарь,ШИМ,,городские,
Дубна 8,36,196,8,Фонарь,ШИМ,,сквер,
Дубна 8,36,197,1,Плеер,Постоянный,,пляж Дубна,
Дубна 8,36,197,2,Дом,Постоянный,церковь Похвалы Пресвятой Богородицы,,
Дубна 8,36,197,3,Дом,Постоянный,"гостиница Дубна, корпус 1",1ый этаж,
Дубна 8,36,197,4,Дом,Постоянный,коттедж руководства ОИЯИ 1,,
Дубна 8,36,197,5,Дом,Постоянный,коттедж руководства ОИЯИ 2,,
Дубна 8,36,197,6,Дом,Постоянный,"ДК ""Мир""",,
Дубна 8,36,197,7,Фонарь,ШИМ,,в парке вокруг ДК,
Дубна 8,36,197,8,Фонарь,ШИМ,,"Солнечная система, световая инсталляция",
Дубна 8,36,198,1,Дом,Постоянный,"гостиница Дубна, корпус 1",гр1,
Дубна 8,36,198,2,Дом,Постоянный,"гостиница Дубна, корпус 2",гр2,
Дубна 8,36,198,3,Дом,Постоянный,"гостиница Дубна, корпус 3",гр3,
Дубна 8,36,198,4,Дом,Постоянный,"гостиница Дубна, корпус 4",гр4,
Дубна 8,36,198,5,Дом,Постоянный,"гостиница Дубна, корпус 5",гр5,
Дубна 8,36,198,6,Дом,Постоянный,"гостиница Дубна, корпус 6",гр6,
Дубна 8,36,198,7,---,Постоянный,,,
Дубна 8,36,198,8,---,Постоянный,,,
Дубна 9,42,203,1,Машинка,Постоянный,,,
Дубна 9,42,203,2,Дом,Постоянный,семейный коттедж ОИЯИ 1,,
Дубна 9,42,203,3,Дом,Постоянный,семейный коттедж ОИЯИ 2,,
Дубна 9,42,203,4,Дом,Постоянный,Центр космической связи,,
Дубна 9,42,203,5,Дом,Постоянный,КПП ЦКС,,
Дубна 9,42,203,6,---,Постоянный,,,
Дубна 9,42,203,7,Фонарь,ШИМ,,территория ЦКС,
Дубна 9,42,203,8,---,Постоянный,,,
Дубна 10,15,211,1,Дом,Постоянный,здание коллайдера NICA,части здания + переход,
Дубна 10,15,211,2,Плеер,Постоянный,,коллайдер NICA,
Дубна 10,15,211,3,Машинка,Постоянный,,,расположение на клапане Дубна 13
Дубна 10,15,211,4,Дом,Постоянный,детектор MPD ОИЯИ,rgb дальний детектор,
Дубна 10,15,211,5,Дом,Постоянный,детектор SPD ОИЯИ,rgb ближний детектор,
Дубна 10,15,211,6,---,Постоянный,,,
Дубна 10,15,211,7,Фонарь,ШИМ,,со всего этго клапана (Дубна 10),
Дубна 10,15,211,8,Фонарь,ШИМ,,,расположение на клапане Дубна 13
Дубна 10,15,212,1,Плеер,Постоянный,,синхрофазотрон,
Дубна 10,15,212,2,Дом,Постоянный,корпус BMAN детекторов ОИЯИ,,
Дубна 10,15,212,3,Дом,Постоянный,BMAN детекторы ОИЯИ,rgb,
Дубна 10,15,212,4,Дом,Постоянный,зал синхрофазотрона ОИЯИ,,
Дубна 10,15,212,5,Дом,Постоянный,дальнее крыло основного корпуса №1 ОИЯИ,,
Дубна 10,15,212,6,Дом,Постоянный,корпус 1А ОИЯИ,,
Дубна 10,15,212,7,---,Постоянный,,,
Дубна 10,15,212,8,---,Постоянный,,,
Дубна 13,15 (Дубна 10),,1,---,Постоянный,,,
Дубна 13,15 (Дубна 10),,2,---,Постоянный,,,
Дубна 13,15 (Дубна 10),,3,---,Постоянный,машинки,,подключено на этом канале на ld 211
Дубна 13,15 (Дубна 10),,4,---,Постоянный,,,
Дубна 13,15 (Дубна 10),,5,---,Постоянный,,,
Дубна 13,15 (Дубна 10),,6,---,Постоянный,,,
Дубна 13,15 (Дубна 10),,7,---,Постоянный,,,
Дубна 13,15 (Дубна 10),,8,---,Постоянный,фонари,,подключено на этом канале на ld 211
Борок 1,11,220,1,Машинка,Постоянный,,,
Борок 1,11,220,2,Дом,Постоянный,Троицкая церковь,,
Борок 1,11,220,3,Дом,Постоянный,Главный Корпус ИБВВ РАН,,
Борок 1,11,220,4,Дом,Постоянный,дом-музей И.Д. Папанина,,
Борок 1,11,220,5,Дом,Постоянный,корпус ИБВВ РАН им. И.Д. Папанина,,
Борок 1,11,220,6,Фонарь,Мигающий,,костер,
Борок 1,11,220,7,Фонарь,ШИМ,,вместе с 221.7 составляет одну нить фонарей,
Борок 1,11,220,8,Фонарь,ШИМ,,вместе с 222.7 составляет одну нить фонарей,
Борок 2,12,221,1,Дом,Постоянный,Музейно-административный комплекс ИБВВ РАН,гр1,
Борок 2,12,221,2,Дом,Постоянный,Музейно-административный комплекс ИБВВ РАН,гр2,
Борок 2,12,221,3,Дом,Постоянный,Музейно-административный комплекс ИБВВ РАН,гр3,
Борок 2,12,221,4,Дом,Постоянный,дом-музей Морозова,,
Борок 2,12,221,5,Дом,Постоянный,д/с,типовая 2хэтажная застройка,
Борок 2,12,221,6,Дом,Постоянный,д/с,дача,
Борок 2,12,221,7,Фонарь,ШИМ,,вместе с 220.7 составляет одну нить фонарей,
Борок 2,12,221,8,---,Постоянный,,,
Борок 2,12,222,1,---,Постоянный,,,
Борок 2,12,222,2,Дом,Постоянный,д/с,"типовой 4эт, подъезды",
Борок 2,12,222,3,Дом,Постоянный,д/с,"типовой 4эт, гр1",
Борок 2,12,222,4,Дом,Постоянный,д/с,"типовой 4эт, гр2",
Борок 2,12,222,5,Дом,Постоянный,д/с,"типовой 4эт, гр3",
Борок 2,12,222,6,Дом,Постоянный,д/с,"типовой 4эт, гр4",
Борок 2,12,222,7,Фонарь,ШИМ,,вместе с 220.8 составляет одну нить фонарей,
Борок 2,12,222,8,Фонарь,ШИМ,,городские,
Борок 2,12,223,1,Дом,Постоянный,д/с,"типовой 4эт, подъезды",
Борок 2,12,223,2,Дом,Постоянный,д/с,"типовой 4эт, гр1",
Борок 2,12,223,3,Дом,Постоянный,д/с,"типовой 4эт, гр2",
Борок 2,12,223,4,Дом,Постоянный,д/с,"типовой 4эт, гр3",
Борок 2,12,223,5,Дом,Постоянный,д/с,"типовой 4эт, гр4",
Борок 2,12,223,6,Дом,Постоянный,д/с,администрация поселка,
Борок 2,12,223,7,Дом,Постоянный,комплекс Геофизической обсерватории,,
Борок 2,12,223,8,---,Постоянный,,,
Борок 2,12,224,1,Машинка,Постоянный,,,
Борок 2,12,224,2,Дом,Постоянный,д/с,кирпичный дом по главной улице,
Борок 2,12,224,3,Дом,Постоянный,Ихтиологический корпус ИБВВ РАН,гр1,
Борок 2,12,224,4,Дом,Постоянный,Ихтиологический корпус ИБВВ РАН,гр2,
Борок 2,12,224,5,Дом,Постоянный,Ихтиологический корпус ИБВВ РАН,гр3,
Борок 2,12,224,6,Дом,Постоянный,ДК,,
Борок 2,12,224,7,---,Постоянный,,,
Борок 2,12,224,8,---,Постоянный,,,
